{"cameraMode":{"drawMode":0,"name":"Shaded","section":"Shading Mode"},"sceneLighting":false,"audioPlay":false,"sceneViewState":{"showFog":false,"showMaterialUpdate":false,"showSkybox":false,"showFlares":false,"showImageEffects":false,"showParticleSystems":false},"in2DMode":false,"pivot":{"x":-1.265332579612732,"y":6.094521999359131,"z":1.180773377418518},"rotation":{"x":0.345018208026886,"y":-0.5340955257415772,"z":-0.7293077111244202,"w":-0.252693235874176},"size":2.9660463333129885,"orthographic":false}