{"cameraMode":{"drawMode":0,"name":"Shaded","section":"Shading Mode"},"sceneLighting":false,"audioPlay":false,"sceneViewState":{"showFog":false,"showMaterialUpdate":false,"showSkybox":false,"showFlares":false,"showImageEffects":false,"showParticleSystems":false},"in2DMode":false,"pivot":{"x":12.022906303405762,"y":1.6667828559875489,"z":5.200220108032227},"rotation":{"x":-0.12389744073152542,"y":-0.543136477470398,"z":0.0814354196190834,"w":-0.8264743685722351},"size":9.180743217468262,"orthographic":false}