{"cameraMode":{"drawMode":0,"name":"Shaded","section":"Shading Mode"},"sceneLighting":false,"audioPlay":false,"sceneViewState":{"showFog":false,"showMaterialUpdate":false,"showSkybox":false,"showFlares":false,"showImageEffects":false,"showParticleSystems":false},"in2DMode":false,"pivot":{"x":-3.725290298461914e-8,"y":0.16684795916080476,"z":0.32270365953445437},"rotation":{"x":-0.06530769914388657,"y":0.1689101904630661,"z":-0.011208959855139256,"w":-0.983421266078949},"size":0.5741292238235474,"orthographic":false}