{"cameraMode":{"drawMode":0,"name":"Shaded","section":"Shading Mode"},"sceneLighting":false,"audioPlay":false,"sceneViewState":{"showFog":false,"showMaterialUpdate":false,"showSkybox":false,"showFlares":false,"showImageEffects":false,"showParticleSystems":false},"in2DMode":false,"pivot":{"x":3.3721070289611818,"y":0.3245973289012909,"z":1.2357157468795777},"rotation":{"x":-0.17813420295715333,"y":-0.5365825295448303,"z":0.11708098649978638,"w":-0.8165040016174316},"size":2.9488723278045656,"orthographic":false}