{"cameraMode":{"drawMode":0,"name":"Shaded","section":"Shading Mode"},"sceneLighting":false,"audioPlay":false,"sceneViewState":{"showFog":false,"showMaterialUpdate":false,"showSkybox":false,"showFlares":false,"showImageEffects":false,"showParticleSystems":false},"in2DMode":false,"pivot":{"x":-0.5532369613647461,"y":0.0,"z":-2.234365224838257},"rotation":{"x":0.0008708064560778439,"y":-0.9942816495895386,"z":0.10660508275032044,"w":0.008057300001382828},"size":12.12435531616211,"orthographic":false}