{"cameraMode":{"drawMode":0,"name":"Shaded","section":"Shading Mode"},"sceneLighting":false,"audioPlay":false,"sceneViewState":{"showFog":false,"showMaterialUpdate":false,"showSkybox":false,"showFlares":false,"showImageEffects":false,"showParticleSystems":false},"in2DMode":false,"pivot":{"x":0.1525517851114273,"y":1.3423320055007935,"z":-0.9092954993247986},"rotation":{"x":0.0007821996696293354,"y":0.9987843036651611,"z":-0.01679111272096634,"w":0.04677893593907356},"size":0.9000173211097717,"orthographic":false}