{"cameraMode":{"drawMode":0,"name":"Shaded","section":"Shading Mode"},"sceneLighting":true,"audioPlay":false,"sceneViewState":{"showFog":false,"showMaterialUpdate":false,"showSkybox":false,"showFlares":false,"showImageEffects":false,"showParticleSystems":false},"in2DMode":false,"pivot":{"x":0.0,"y":0.1399996280670166,"z":0.9155000448226929},"rotation":{"x":0.0008708064560778439,"y":-0.9942816495895386,"z":0.10660508275032044,"w":0.008057300001382828},"size":2.5172345638275148,"orthographic":false}