{"cameraMode":{"drawMode":0,"name":"Shaded","section":"Shading Mode"},"sceneLighting":false,"audioPlay":false,"sceneViewState":{"showFog":false,"showMaterialUpdate":false,"showSkybox":false,"showFlares":false,"showImageEffects":false,"showParticleSystems":false},"in2DMode":false,"pivot":{"x":3.8326563835144045,"y":0.7782015800476074,"z":1.082506775856018},"rotation":{"x":0.053937070071697238,"y":0.6946731805801392,"z":-0.052459679543972018,"w":0.7154397368431091},"size":2.9129626750946047,"orthographic":false}