{"cameraMode":{"drawMode":0,"name":"Shaded","section":"Shading Mode"},"sceneLighting":false,"audioPlay":false,"sceneViewState":{"showFog":false,"showMaterialUpdate":false,"showSkybox":false,"showFlares":false,"showImageEffects":false,"showParticleSystems":false},"in2DMode":false,"pivot":{"x":-11.29008960723877,"y":-1.487668752670288,"z":3.8375051021575929},"rotation":{"x":0.16723312437534333,"y":-0.6949319243431091,"z":0.17139413952827454,"w":0.6780509948730469},"size":10.167701721191407,"orthographic":false}