{"cameraMode":{"drawMode":0,"name":"Shaded","section":"Shading Mode"},"sceneLighting":true,"audioPlay":false,"sceneViewState":{"showFog":false,"showMaterialUpdate":false,"showSkybox":false,"showFlares":false,"showImageEffects":false,"showParticleSystems":false},"in2DMode":false,"pivot":{"x":0.0,"y":0.12999999523162843,"z":0.9049999713897705},"rotation":{"x":-0.1094404086470604,"y":-0.23272086679935456,"z":0.02637133002281189,"w":-0.9660251140594482},"size":2.555039167404175,"orthographic":false}