{"cameraMode":{"drawMode":0,"name":"Shaded","section":"Shading Mode"},"sceneLighting":false,"audioPlay":false,"sceneViewState":{"showFog":false,"showMaterialUpdate":false,"showSkybox":false,"showFlares":false,"showImageEffects":false,"showParticleSystems":false},"in2DMode":false,"pivot":{"x":0.14999988675117494,"y":3.310009241104126,"z":0.7627037167549133},"rotation":{"x":-0.06530769914388657,"y":0.1689101904630661,"z":-0.011208959855139256,"w":-0.983421266078949},"size":0.556717574596405,"orthographic":false}