{"cameraMode":{"drawMode":0,"name":"Shaded","section":"Shading Mode"},"sceneLighting":false,"audioPlay":false,"sceneViewState":{"showFog":false,"showMaterialUpdate":false,"showSkybox":false,"showFlares":false,"showImageEffects":false,"showParticleSystems":false},"in2DMode":false,"pivot":{"x":9.585193634033204,"y":5.03594446182251,"z":6.930689811706543},"rotation":{"x":-0.08742599934339524,"y":0.34430131316185,"z":-0.03222021088004112,"w":-0.9342243075370789},"size":3.8449547290802,"orthographic":false}