{"cameraMode":{"drawMode":0,"name":"Shaded","section":"Shading Mode"},"sceneLighting":false,"audioPlay":false,"sceneViewState":{"showFog":false,"showMaterialUpdate":false,"showSkybox":false,"showFlares":false,"showImageEffects":false,"showParticleSystems":false},"in2DMode":false,"pivot":{"x":12.058002471923829,"y":19.737529754638673,"z":5.836831569671631},"rotation":{"x":0.0008708064560778439,"y":-0.9942816495895386,"z":0.10660508275032044,"w":0.008057300001382828},"size":10.0,"orthographic":false}