{"cameraMode":{"drawMode":0,"name":"Shaded","section":"Shading Mode"},"sceneLighting":false,"audioPlay":false,"sceneViewState":{"showFog":false,"showMaterialUpdate":false,"showSkybox":false,"showFlares":false,"showImageEffects":false,"showParticleSystems":false},"in2DMode":false,"pivot":{"x":-12.06190299987793,"y":3.777658462524414,"z":17.99628448486328},"rotation":{"x":0.0008708064560778439,"y":-0.9942816495895386,"z":0.10660508275032044,"w":0.008057300001382828},"size":23.253910064697267,"orthographic":false}