{"cameraMode":{"drawMode":0,"name":"Shaded","section":"Shading Mode"},"sceneLighting":false,"audioPlay":false,"sceneViewState":{"showFog":false,"showMaterialUpdate":false,"showSkybox":false,"showFlares":false,"showImageEffects":false,"showParticleSystems":false},"in2DMode":false,"pivot":{"x":0.0,"y":0.09799999743700028,"z":0.781000018119812},"rotation":{"x":0.00042476956150494516,"y":0.7024209499359131,"z":0.000427023449447006,"w":-0.7117866277694702},"size":1.084763526916504,"orthographic":true}