{"cameraMode":{"drawMode":0,"name":"Shaded","section":"Shading Mode"},"sceneLighting":false,"audioPlay":false,"sceneViewState":{"showFog":false,"showMaterialUpdate":false,"showSkybox":false,"showFlares":false,"showImageEffects":false,"showParticleSystems":false},"in2DMode":false,"pivot":{"x":1.1819093227386475,"y":0.5369365215301514,"z":-0.9370594620704651},"rotation":{"x":0.0211294274777174,"y":0.9784905314445496,"z":-0.13022394478321076,"w":0.15871812403202058},"size":2.772843599319458,"orthographic":false}