{"cameraMode":{"drawMode":0,"name":"Shaded","section":"Shading Mode"},"sceneLighting":false,"audioPlay":false,"sceneViewState":{"showFog":false,"showMaterialUpdate":false,"showSkybox":false,"showFlares":false,"showImageEffects":false,"showParticleSystems":false},"in2DMode":false,"pivot":{"x":-0.30751800537109377,"y":0.9528136253356934,"z":0.1455479860305786},"rotation":{"x":-0.008409068919718266,"y":0.9911605715751648,"z":-0.07777661830186844,"w":-0.10716189444065094},"size":0.9527074694633484,"orthographic":false}