{"cameraMode":{"drawMode":0,"name":"Shaded","section":"Shading Mode"},"sceneLighting":false,"audioPlay":false,"sceneViewState":{"showFog":false,"showMaterialUpdate":false,"showSkybox":false,"showFlares":false,"showImageEffects":false,"showParticleSystems":false},"in2DMode":false,"pivot":{"x":0.8195128440856934,"y":1.0875449180603028,"z":16.600032806396486},"rotation":{"x":-0.018305931240320207,"y":-0.018898598849773408,"z":0.00035344884963706136,"w":-0.9996722936630249},"size":10.0,"orthographic":false}