{"cameraMode":{"drawMode":0,"name":"Shaded","section":"Shading Mode"},"sceneLighting":false,"audioPlay":false,"sceneViewState":{"showFog":false,"showMaterialUpdate":false,"showSkybox":false,"showFlares":false,"showImageEffects":false,"showParticleSystems":false},"in2DMode":false,"pivot":{"x":-0.2685973644256592,"y":1.0967768430709839,"z":0.5876555442810059},"rotation":{"x":-0.0952400490641594,"y":0.8739601373672485,"z":-0.19071172177791596,"w":-0.43684062361717226},"size":1.4681627750396729,"orthographic":false}