{"cameraMode":{"drawMode":0,"name":"Shaded","section":"Shading Mode"},"sceneLighting":false,"audioPlay":false,"sceneViewState":{"showFog":false,"showMaterialUpdate":false,"showSkybox":false,"showFlares":false,"showImageEffects":false,"showParticleSystems":false},"in2DMode":false,"pivot":{"x":956.6046142578125,"y":561.4373779296875,"z":15.199287414550782},"rotation":{"x":-0.23471052944660188,"y":-0.12090450525283814,"z":0.029514674097299577,"w":-0.964125394821167},"size":70.71067810058594,"orthographic":false}