{"cameraMode":{"drawMode":0,"name":"Shaded","section":"Shading Mode"},"sceneLighting":false,"audioPlay":false,"sceneViewState":{"showFog":false,"showMaterialUpdate":false,"showSkybox":false,"showFlares":false,"showImageEffects":false,"showParticleSystems":false},"in2DMode":false,"pivot":{"x":0.0,"y":-0.0645524188876152,"z":-0.031197190284729005},"rotation":{"x":-0.000005078641152067576,"y":0.9987473487854004,"z":-0.050377257168293,"w":-0.000019922650608350523},"size":0.9261612296104431,"orthographic":true}