{"cameraMode":{"drawMode":0,"name":"Shaded","section":"Shading Mode"},"sceneLighting":false,"audioPlay":false,"sceneViewState":{"showFog":false,"showMaterialUpdate":false,"showSkybox":false,"showFlares":false,"showImageEffects":false,"showParticleSystems":false},"in2DMode":false,"pivot":{"x":-2.980232238769531e-7,"y":0.9268091917037964,"z":-0.047635287046432498},"rotation":{"x":-0.009891541674733162,"y":-0.8946927785873413,"z":-0.019861988723278047,"w":0.446183443069458},"size":1.230423927307129,"orthographic":false}