{"cameraMode":{"drawMode":0,"name":"Shaded","section":"Shading Mode"},"sceneLighting":false,"audioPlay":false,"sceneViewState":{"showFog":false,"showMaterialUpdate":false,"showSkybox":false,"showFlares":false,"showImageEffects":false,"showParticleSystems":false},"in2DMode":false,"pivot":{"x":0.4079999625682831,"y":0.6302723288536072,"z":-18.68729591369629},"rotation":{"x":-0.028434637933969499,"y":-0.4476716220378876,"z":0.014249468222260476,"w":-0.8936541080474854},"size":0.5669060945510864,"orthographic":false}