{"cameraMode":{"drawMode":0,"name":"Shaded","section":"Shading Mode"},"sceneLighting":false,"audioPlay":false,"sceneViewState":{"showFog":false,"showMaterialUpdate":false,"showSkybox":false,"showFlares":false,"showImageEffects":false,"showParticleSystems":false},"in2DMode":false,"pivot":{"x":-0.7620000243186951,"y":2.3929998874664308,"z":0.07000000029802323},"rotation":{"x":-0.004018603358417749,"y":-0.5491929054260254,"z":0.002643464133143425,"w":-0.8356934189796448},"size":0.07000000029802323,"orthographic":false}