{"cameraMode":{"drawMode":0,"name":"Shaded","section":"Shading Mode"},"sceneLighting":false,"audioPlay":false,"sceneViewState":{"showFog":false,"showMaterialUpdate":false,"showSkybox":false,"showFlares":false,"showImageEffects":false,"showParticleSystems":false},"in2DMode":false,"pivot":{"x":-0.26142358779907229,"y":0.5813553929328919,"z":0.7096243500709534},"rotation":{"x":0.01918623596429825,"y":0.017094414681196214,"z":0.00033081459696404636,"w":-0.9996863603591919},"size":0.5669054985046387,"orthographic":false}